{"arithmetic_margin":{"count":256,"max":1.9404459999999997,"min":1.0274940000000008,"p50":1.5419520000000002,"p90":1.6958029999999997,"total":385.67938200000003},"compact_v2_bytes_before_summary":544718,"completed":256,"index_sha256":"f3b851d0fc7a166db36de7ad078f65d45a6be9513ed06a59929af8b947efbf7e","open_no_certificate_count":0,"projected_complete_4402_bytes_with_10pct_safety":10303256,"protocol_sha256":"913128ae4c68ea072b8a57a82644f718fc66e1d9ce587f1eac97f44099d80632","runtime_seconds":{"count":256,"max":0.06431152997538447,"min":0.026619589887559414,"p50":0.03346625191625208,"p90":0.04100942611694336,"total":8.767093365313485},"sat_count":0,"schema_version":2,"segment_id":"weighted-scale-004","status":"COMPLETE_PENDING_INDEPENDENT_AUDIT","weighted_certificate_count":256}
