{"arithmetic_margin":{"count":256,"max":2.0182319999999994,"min":1.3379560000000001,"p50":1.6400500000000005,"p90":1.8839199999999998,"total":424.189755},"compact_v2_bytes_before_summary":519006,"completed":256,"index_sha256":"0d6e67c81e96c7d9f7b583af331c86b721bc042b4e9c98c8edd14b01ecc50ecc","open_no_certificate_count":0,"projected_complete_4402_bytes_with_10pct_safety":9816918,"protocol_sha256":"1c39d750a49b5df511dc331fcf1bae5f87f071f7aeb5dc7af47ecc8fd2b6e5cb","runtime_seconds":{"count":256,"max":0.07875326694920659,"min":0.02697573881596327,"p50":0.03739392012357712,"p90":0.048448960995301604,"total":10.005577764473855},"sat_count":0,"schema_version":2,"segment_id":"weighted-scale-001","status":"COMPLETE_PENDING_INDEPENDENT_AUDIT","weighted_certificate_count":256}
