{
  "attempts": [
    {
      "attempt": 0,
      "core_block_variables": [
        84,
        134,
        172,
        183,
        261,
        299,
        310,
        362,
        373,
        411,
        514,
        552,
        563,
        615,
        626,
        664,
        742,
        753,
        791,
        841,
        1,
        65,
        95,
        117,
        284,
        313,
        351,
        459
      ],
      "core_size": 28,
      "elapsed_seconds": 16.667369792005047,
      "status": "UNKNOWN"
    },
    {
      "attempt": 1,
      "core_block_variables": [
        84,
        134,
        172,
        183,
        261,
        299,
        310,
        362,
        373,
        411,
        514,
        552,
        683,
        910,
        252,
        835,
        895,
        95,
        615,
        149,
        626,
        284,
        664,
        563
      ],
      "core_size": 24,
      "elapsed_seconds": 18.112370166985784,
      "status": "UNKNOWN"
    },
    {
      "attempt": 2,
      "core_block_variables": [
        84,
        134,
        172,
        183,
        261,
        299,
        310,
        362,
        373,
        411,
        1,
        95,
        65,
        766,
        284,
        351,
        895,
        602,
        683,
        563
      ],
      "core_size": 20,
      "elapsed_seconds": 16.308198584010825,
      "status": "UNKNOWN"
    },
    {
      "attempt": 3,
      "core_block_variables": [
        84,
        134,
        172,
        183,
        261,
        299,
        310,
        362,
        411,
        766,
        552,
        615,
        742,
        563,
        841,
        664
      ],
      "core_size": 16,
      "elapsed_seconds": 15.391051042010076,
      "status": "UNKNOWN"
    }
  ],
  "build_seconds": 4.026974334032275,
  "claim_limit": "A SAT output is provisional until direct independent cover verification. NO_WITNESS excludes none of the unrestricted search space.",
  "clauses": 424815,
  "core_sizes": [
    28,
    24,
    20,
    16
  ],
  "method": "exact-degree SAT repair of high-unique-coverage near-cover cores",
  "near_cover": {
    "path": "artifacts/constructive/repair-seed126442-30s/best-candidate.txt",
    "sha256": "4321dea0f828f30bf5cb1d3c54b4a94349e9bc3f54bd25ea23dbac79ae030a07"
  },
  "schema_version": 1,
  "scope": "each failed or timed-out core is local only; the run is not an exhaustive global search",
  "seconds_per_core": 15.0,
  "seed": 126444,
  "status": "NO_WITNESS",
  "variables": 213084,
  "witness": null
}
