{"arithmetic_margin":{"count":256,"max":2.471825000000001,"min":1.5794139999999999,"p50":1.9397675000000003,"p90":2.2499470000000006,"total":504.92089200000004},"compact_v2_bytes_before_summary":542977,"completed":256,"index_sha256":"b31931bfb07bb3b42f069ca42ce4300396f380bca9b4d6caa77ae9e01c5ea6ba","open_no_certificate_count":0,"projected_complete_4402_bytes_with_10pct_safety":10270326,"protocol_sha256":"a4340843d235cb94859dd45c7f88872eda2df6c094a506c0bd2e0446499be249","runtime_seconds":{"count":256,"max":0.08841354702599347,"min":0.026870632078498602,"p50":0.03544234158471227,"p90":0.0429086450021714,"total":9.301670798333362},"sat_count":0,"schema_version":2,"segment_id":"weighted-scale-015","status":"COMPLETE_PENDING_INDEPENDENT_AUDIT","weighted_certificate_count":256}
