{"arithmetic_margin":{"count":256,"max":2.0605589999999996,"min":1.1403540000000003,"p50":1.6575170000000004,"p90":1.7966999999999995,"total":422.47049},"compact_v2_bytes_before_summary":542763,"completed":256,"index_sha256":"215257e955dfd17ed3017ad6259454e0a44dc9bf098e871384ba73dafbb7de34","open_no_certificate_count":0,"projected_complete_4402_bytes_with_10pct_safety":10266278,"protocol_sha256":"63cc957a4c1bf73c2cdb82009d079ca671ab5bda14aa3991d55396aee3d5e780","runtime_seconds":{"count":256,"max":0.07376900198869407,"min":0.025685503147542477,"p50":0.03415177634451538,"p90":0.040470696054399014,"total":8.943280704086646},"sat_count":0,"schema_version":2,"segment_id":"weighted-scale-013","status":"COMPLETE_PENDING_INDEPENDENT_AUDIT","weighted_certificate_count":256}
