{"arithmetic_margin":{"count":256,"max":1.941478,"min":1.277851,"p50":1.5724839999999993,"p90":1.6907680000000003,"total":400.395961},"compact_v2_bytes_before_summary":543639,"completed":256,"index_sha256":"60d39b3d925a14a72c18ca68fb8419518117783916cbea612bd6528e8ed2a2f0","open_no_certificate_count":0,"projected_complete_4402_bytes_with_10pct_safety":10282847,"protocol_sha256":"1b5eebee8286a66353526141f4bb088f6f10dc1d342010278dd4a60c82d6e319","runtime_seconds":{"count":256,"max":0.08822974795475602,"min":0.026576197938993573,"p50":0.034631828661076725,"p90":0.04390380810946226,"total":9.184132749214768},"sat_count":0,"schema_version":2,"segment_id":"weighted-scale-003","status":"COMPLETE_PENDING_INDEPENDENT_AUDIT","weighted_certificate_count":256}
