{"arithmetic_margin":{"count":256,"max":2.3222780000000007,"min":1.5259730000000005,"p50":1.8938695,"p90":2.0557689999999997,"total":487.355169},"compact_v2_bytes_before_summary":541963,"completed":256,"index_sha256":"d0d8e72dcb7fe835d9c08c0f9f15971728c3e4a2a5ee1efb054a1692d705bb56","open_no_certificate_count":0,"projected_complete_4402_bytes_with_10pct_safety":10251146,"protocol_sha256":"ea6db7669a23c77bd1ff702dc85b926b6414f448af7840431fa0d5d536b7fa65","runtime_seconds":{"count":256,"max":0.0875466528814286,"min":0.026525038992986083,"p50":0.03192200302146375,"p90":0.03801713092252612,"total":8.468963240040466},"sat_count":0,"schema_version":2,"segment_id":"weighted-scale-006","status":"COMPLETE_PENDING_INDEPENDENT_AUDIT","weighted_certificate_count":256}
