{"arithmetic_margin":{"count":204,"max":2.1962360000000007,"min":0.9876070000000006,"p50":1.6848270000000003,"p90":2.0064200000000003,"total":348.63221100000004},"compact_v2_bytes_before_summary":427043,"completed":204,"index_sha256":"a77d67db6dc9394187c8abc2c4fe3bbcf1479f8639c261b82a8bd82b224e3b4d","open_no_certificate_count":0,"projected_complete_4402_bytes_with_10pct_safety":10136410,"protocol_sha256":"08c31ff1793d154d866be9f3bf8d12e36bf780023d1cde027f11ce4dde15ff12","runtime_seconds":{"count":204,"max":0.07822972815483809,"min":0.025148293003439903,"p50":0.030125951510854065,"p90":0.03563715796917677,"total":6.398648604983464},"sat_count":0,"schema_version":2,"segment_id":"weighted-scale-016","status":"COMPLETE_PENDING_INDEPENDENT_AUDIT","weighted_certificate_count":204}
