{
  "attempts": [
    {
      "attempt": 0,
      "core_block_variables": [
        84,
        134,
        172,
        183,
        261,
        299,
        310,
        362,
        373,
        411,
        514,
        552,
        563,
        615,
        626,
        664,
        742,
        753,
        791,
        841,
        1,
        95,
        117,
        149,
        351,
        602,
        313,
        459,
        564,
        710,
        766,
        798
      ],
      "core_size": 32,
      "elapsed_seconds": 3.148385040985886,
      "status": "CORE_UNSAT"
    },
    {
      "attempt": 1,
      "core_block_variables": [
        84,
        134,
        172,
        183,
        261,
        299,
        310,
        362,
        373,
        411,
        514,
        552,
        563,
        615,
        915,
        710,
        841,
        791,
        149,
        313,
        351,
        564,
        252,
        766,
        1,
        459,
        503,
        798
      ],
      "core_size": 28,
      "elapsed_seconds": 2.825022374978289,
      "status": "CORE_UNSAT"
    },
    {
      "attempt": 2,
      "core_block_variables": [
        84,
        134,
        172,
        183,
        261,
        299,
        310,
        362,
        373,
        411,
        514,
        552,
        284,
        1,
        252,
        503,
        459,
        664,
        737,
        351,
        615,
        915,
        117,
        742
      ],
      "core_size": 24,
      "elapsed_seconds": 8.426901207945775,
      "status": "CORE_UNSAT"
    },
    {
      "attempt": 3,
      "core_block_variables": [
        84,
        134,
        172,
        183,
        261,
        299,
        310,
        362,
        373,
        411,
        737,
        798,
        149,
        1,
        564,
        563,
        791,
        615,
        95,
        895
      ],
      "core_size": 20,
      "elapsed_seconds": 10.640468208002858,
      "status": "UNKNOWN"
    }
  ],
  "build_seconds": 1.876808750035707,
  "claim_limit": "A SAT output is provisional until direct independent cover verification. NO_WITNESS excludes none of the unrestricted search space.",
  "clauses": 424815,
  "core_sizes": [
    32,
    28,
    24,
    20
  ],
  "method": "exact-degree SAT repair of high-unique-coverage near-cover cores",
  "near_cover": {
    "path": "artifacts/constructive/repair-seed126440-10s/best-candidate.txt",
    "sha256": "bd523f1511550ce53882438b6f9bb4b6505f99ee045cbdc2491af127baa657e3"
  },
  "schema_version": 1,
  "scope": "each failed or timed-out core is local only; the run is not an exhaustive global search",
  "seconds_per_core": 10.0,
  "seed": 126441,
  "status": "NO_WITNESS",
  "variables": 213084,
  "witness": null
}
