{"arithmetic_margin":{"count":256,"max":2.1421539999999997,"min":0.9999590000000005,"p50":1.6295400000000004,"p90":1.8711090000000006,"total":415.864936},"compact_v2_bytes_before_summary":528926,"completed":256,"index_sha256":"5c32690a0205fe4e196f4240486e446a2c2e18eca0198d7b103ff66a41097db5","open_no_certificate_count":0,"projected_complete_4402_bytes_with_10pct_safety":10004553,"protocol_sha256":"9b1aafaa4f959590567db285e72275c3a3c8dd6b1361b43af2f5fb10424a7721","runtime_seconds":{"count":256,"max":0.07975347083993256,"min":0.0258084440138191,"p50":0.034611524431966245,"p90":0.04110249108634889,"total":9.064995693042874},"sat_count":0,"schema_version":2,"segment_id":"weighted-scale-002","status":"COMPLETE_PENDING_INDEPENDENT_AUDIT","weighted_certificate_count":256}
