{"arithmetic_margin":{"count":256,"max":2.4215619999999998,"min":1.4722749999999998,"p50":2.0434194999999997,"p90":2.24409,"total":514.899626},"compact_v2_bytes_before_summary":544392,"completed":256,"index_sha256":"1975528d8b1863a653d031486bf50e7d68aafde316d4a7d4427cfc6063dee3aa","open_no_certificate_count":0,"projected_complete_4402_bytes_with_10pct_safety":10297090,"protocol_sha256":"1396a672fa1edd4d698e9acc1826f2c69b06ebfc370a99e91075e0e323418205","runtime_seconds":{"count":256,"max":0.05640719016082585,"min":0.027423348044976592,"p50":0.03438991017173976,"p90":0.04311199393123388,"total":9.121707175392658},"sat_count":0,"schema_version":2,"segment_id":"weighted-scale-012","status":"COMPLETE_PENDING_INDEPENDENT_AUDIT","weighted_certificate_count":256}
