{"arithmetic_margin":{"count":256,"max":2.5879220000000007,"min":1.7542069999999992,"p50":2.2564259999999994,"p90":2.484033,"total":576.189147},"compact_v2_bytes_before_summary":537130,"completed":256,"index_sha256":"755e3c3952ea57cb3dcb98f0246a26e6d18a6fc1bea73b34d5439d19df8e328d","open_no_certificate_count":0,"projected_complete_4402_bytes_with_10pct_safety":10159731,"protocol_sha256":"cda1c18f5f1310f2d581ee47c97bfed051a5959b18b1f4d71d36b69b7d2eaaf3","runtime_seconds":{"count":256,"max":0.0757715639192611,"min":0.03131176391616464,"p50":0.04329088446684182,"p90":0.05142125394195318,"total":11.301338171819225},"sat_count":0,"schema_version":2,"segment_id":"weighted-scale-009","status":"COMPLETE_PENDING_INDEPENDENT_AUDIT","weighted_certificate_count":256}
