{"arithmetic_margin":{"count":256,"max":2.5172100000000004,"min":1.436064,"p50":1.811286,"p90":2.141418,"total":469.149599},"compact_v2_bytes_before_summary":540831,"completed":256,"index_sha256":"8f9c4c31c3fd40f897fc475869e8410ef342a54543c0294e8c45132357202482","open_no_certificate_count":0,"projected_complete_4402_bytes_with_10pct_safety":10229734,"protocol_sha256":"b73682d0c29a75d6968f5a40c7866da444fc972db3627092f4d0ab9084341d83","runtime_seconds":{"count":256,"max":0.14562674309127033,"min":0.027911254204809666,"p50":0.0390352769754827,"p90":0.04665433010086417,"total":10.351317131891847},"sat_count":0,"schema_version":2,"segment_id":"weighted-scale-010","status":"COMPLETE_PENDING_INDEPENDENT_AUDIT","weighted_certificate_count":256}
