{
  "benchmark": {
    "case_ids_sha256": "45d9ce0494601cf04c265363b7b23cbe39f786836838e35f3fdd835ecb7a85b8",
    "command": "nice -n 10 /private/tmp/c1264-pulp270/bin/python scripts/profile_ordinary_c1153_shallow_weighted_backend.py baseline",
    "cpu_count": 8,
    "formula_count": 2048,
    "git_revision": "804aabfe3315538b932313439a8c5444a8f6de65",
    "platform": "macOS-26.5.2-arm64-arm-64bit-Mach-O",
    "python": "3.14.6 (main, Jun 10 2026, 10:03:53) [Clang 21.0.0 (clang-2100.0.123.102)]",
    "reference_archive": {
      "path": "artifacts/classification/ordinary-c1153-v1/open-fifth-deficit-partition-v2/second-live-triple-gate-v1/shallow-weighted-scale-v1/segments/shallow-weighted-scale-002/outcomes.jsonl.gz",
      "sha256": "d5c0e4cbe5dc5fc65ee28b9b161697f2cb06c87de4022002c9b65184fd82e0a5"
    },
    "segment_id": "shallow-weighted-scale-002"
  },
  "purpose": "Performance-only replay on a copied completed segment; no mathematical ledger effect.",
  "results": {
    "domain_hash_agreement": 2048,
    "exact_checker_acceptances": 2043,
    "maximum_resident_kib": 395968512,
    "nonterminal": 5,
    "proposal_wall_seconds_distribution": {
      "maximum": 2.02320933300507,
      "median": 0.13019491649902193,
      "minimum": 0.09135508399776882,
      "q1": 0.11691129100654507,
      "q3": 0.15612537499691825
    },
    "scratch_compressed_bytes": 1467633,
    "scratch_uncompressed_bytes": 4720316,
    "stage_wall_seconds": {
      "certificate_normalization": 27.798786044077133,
      "hierarchy_reconstruction": 11.079558124998584,
      "independent_exact_verification": 14.167478424977162,
      "lp_certificate_proposal": 337.14736285011895,
      "residual_domain_construction": 227.55969060495408,
      "serialization_compression_write": 3.3473366250036634
    },
    "terminal": 2043,
    "total_cpu_seconds": 284.55024199999997,
    "total_wall_seconds": 627.2308836660013,
    "unattributed_wall_seconds": 6.130670991871739,
    "verdict_agreement": 2048
  },
  "schema_version": 1,
  "status": "VALID_BASELINE_PROFILE"
}
