{"arithmetic_margin":{"count":256,"max":2.2499470000000006,"min":0.8332239999999995,"p50":1.5172629999999998,"p90":1.9282769999999996,"total":383.91597},"compact_v2_bytes_before_summary":532155,"completed":256,"index_sha256":"a93ffcc7400065a23426cec377a940293db44e9edeb5c1b74d9f7fb72ac81e56","open_no_certificate_count":0,"projected_complete_4402_bytes_with_10pct_safety":10065629,"protocol_sha256":"411b95e91b52852a598736da2ff7b2484d0d6774ce611d7bed2115966b705396","runtime_seconds":{"count":256,"max":0.07374180317856371,"min":0.02733679092489183,"p50":0.03665763698518276,"p90":0.04308958607725799,"total":9.542629366042092},"sat_count":0,"schema_version":2,"segment_id":"weighted-scale-005","status":"COMPLETE_PENDING_INDEPENDENT_AUDIT","weighted_certificate_count":256}
