{"arithmetic_margin":{"count":256,"max":2.1049760000000006,"min":1.0185080000000006,"p50":1.4933265000000002,"p90":1.6908349999999999,"total":384.416946},"compact_v2_bytes_before_summary":547058,"completed":256,"index_sha256":"daad341f195a58b3cd548218786c90fdc09925caa790892887b65624e1bb3c32","open_no_certificate_count":0,"projected_complete_4402_bytes_with_10pct_safety":10347517,"protocol_sha256":"4a78030e03cd67c01fa0eb939ec2db96bef34af27ccca4e761958dea33f9e7ba","runtime_seconds":{"count":256,"max":0.07277622097171843,"min":0.02614827686920762,"p50":0.034275425132364035,"p90":0.04141589789651334,"total":9.025994745548815},"sat_count":0,"schema_version":2,"segment_id":"weighted-scale-007","status":"COMPLETE_PENDING_INDEPENDENT_AUDIT","weighted_certificate_count":256}
