{"arithmetic_margin":{"count":256,"max":2.5206420000000005,"min":1.0884809999999998,"p50":1.7346389999999996,"p90":2.412674000000001,"total":478.70682},"compact_v2_bytes_before_summary":544935,"completed":256,"index_sha256":"3e8546434b8a35db4b21c5c3c67f6c7f476551e7c0b4b57ead995d3990a4eda6","open_no_certificate_count":0,"projected_complete_4402_bytes_with_10pct_safety":10307361,"protocol_sha256":"7046b216cb2e259ccd936737489fb2af6455342f358fd152913170ab90fc4089","runtime_seconds":{"count":256,"max":0.10417971294373274,"min":0.02620729012414813,"p50":0.03832673793658614,"p90":0.04967091791331768,"total":10.22463604924269},"sat_count":0,"schema_version":2,"segment_id":"weighted-scale-008","status":"COMPLETE_PENDING_INDEPENDENT_AUDIT","weighted_certificate_count":256}
