{"arithmetic_margin":{"count":256,"max":2.3399289999999997,"min":1.4918820000000004,"p50":2.088628,"p90":2.2466939999999997,"total":518.076201},"compact_v2_bytes_before_summary":552919,"completed":256,"index_sha256":"f85ccd12feba8e5dac647f28770471f6d29b737199fac5520291582aebbf38bd","open_no_certificate_count":0,"projected_complete_4402_bytes_with_10pct_safety":10458377,"protocol_sha256":"17dd887072816705ed903da1c9dffb7e8d3992727c27cc6d4991c396a93ba463","runtime_seconds":{"count":256,"max":0.09432920487597585,"min":0.028332357993349433,"p50":0.03819346544332802,"p90":0.0448798940051347,"total":10.016596479108557},"sat_count":0,"schema_version":2,"segment_id":"weighted-scale-011","status":"COMPLETE_PENDING_INDEPENDENT_AUDIT","weighted_certificate_count":256}
