{"arithmetic_margin":{"count":256,"max":2.4999520000000004,"min":1.2410270000000008,"p50":1.8688179999999992,"p90":2.2499470000000006,"total":475.37293700000004},"claim_limit":"No segment cube counts until the independent audit passes.","compact_artifact_bytes_before_summary":871798,"completed":256,"index_sha256":"aeadbd8b3bb326dd3ecf8f09f10ffa3451128fe5ce0d36426241c1c285272336","open_no_certificate_count":0,"projected_complete_4402_bytes_with_10pct_safety":16489923,"protocol_sha256":"c58dc80dc663034ef9c7cf998d9584f22d8d5ecc8baa6c666ac91d342c923530","runtime_seconds":{"count":256,"max":0.09486196795478463,"min":0.025331323966383934,"p50":0.0386253681499511,"p90":0.06296455604024231,"total":10.830735739087686},"sat_count":0,"schema_version":1,"segment_id":"weighted-scale-000","status":"COMPLETE_PENDING_INDEPENDENT_AUDIT","weighted_certificate_count":256}
