{
  "claim_limit": "Exact 24-cube discriminator only. No formula, fifth leaf, fourth parent, ordinary classification, or C(12,6,4) theorem is closed by this sample.",
  "complete_formula_count": 0,
  "compressed_proof_bytes": {},
  "counts": {
    "FIXED_CAP_TIMEOUT": 24
  },
  "independent_replay_seconds": {},
  "independently_replayed_unsat": 0,
  "material_signal_passed": false,
  "protocol_sha256": "9d5709512259ea973726c7b748b255016c8f85ca217f10af78bea189edda7dfa",
  "sample_count": 24,
  "schema_version": 1,
  "solver_elapsed_seconds": {
    "count": 24,
    "max": 5.0583740880247205,
    "min": 5.0187306420411915,
    "p50": 5.032725662924349,
    "p90": 5.040748613886535,
    "p95": 5.043915071059018,
    "total": 120.8114975928329
  },
  "status": "VALID",
  "summary_sha256": "c68bd6c0a503520d3aa472c5818c17aeb5150813e9cf3d92da2ac9605a7a2e2a",
  "verified_unsat_by_sample_category": {
    "q3_nonzero": 0,
    "q4_nonzero": 0,
    "rank_zero": 0
  }
}
