{"arithmetic_certificates_independently_checked":256,"case_count":256,"certificate_bytes_reused_once":171425,"certificates_bound":256,"claim_limit":"Storage-only audit. The 256 mathematical closures remain those certified by the immutable segment-000 v1 audit.","compact_v2_receipt_bytes":134926,"index_sha256":"50832d55f95e9b35ffa7bb56f62b02c05bb08631c48de92a693079e91c45064d","maximum_margin":2.4999520000000004,"maximum_projected_bytes":12102474,"measured_package_bytes":328280,"minimum_margin":1.2410270000000008,"projected_complete_4402_bytes_with_10pct_safety":6209365,"protocol_assignment_index_bytes":21929,"protocol_sha256":"08f7e5edcb3bda3b12ea50fb5da6e971b3784ba5b1c87fad866af6019a5bdde0","residual_domains_independently_reconstructed":256,"schema_version":2,"source_receipts_bound":256,"status":"VALID","success_gate_passed":true,"summary_sha256":"945683d56d5aaf294d24e26197cb53cfae9de85e911586651c236dee0d526e96"}
