{"arithmetic_margin":{"count":256,"max":2.7178389999999997,"min":1.2836339999999993,"p50":2.014659,"p90":2.4413549999999997,"total":509.822136},"compact_v2_bytes_before_summary":535916,"completed":256,"index_sha256":"92f7a7217fc9dce2bd0a7329c5cb29ad78b61a8f52bfbdf675268d98fcba693e","open_no_certificate_count":0,"projected_complete_4402_bytes_with_10pct_safety":10136768,"protocol_sha256":"56b7bcc75a1f7820d2d18593306bbc2342b5d3713f7ff28bacca49f2d2584c96","runtime_seconds":{"count":256,"max":0.0537375018466264,"min":0.02376212179660797,"p50":0.033936126506887376,"p90":0.04158899490721524,"total":8.925960669992492},"sat_count":0,"schema_version":2,"segment_id":"weighted-scale-014","status":"COMPLETE_PENDING_INDEPENDENT_AUDIT","weighted_certificate_count":256}
